{
  "posts": [
    {
      "id": "post123",
      "title": "Introduction to JavaScript",
      "author": "John Smith",
      "content": "Lorem ipsum dolor sit amet, consectetur adipiscing elit...",
      "timestamp": "2023-10-30T00:00:00Z",
      "tags": [
        "JavaScript",
        "Programming",
        "Web Development"
      ],
      "status": false
    },
    {
      "id": "post124",
      "title": "Getting Started with Python",
      "author": "Alice Johnson",
      "content": "Python is a versatile and beginner-friendly programming language...",
      "timestamp": "2023-10-29T12:00:00Z",
      "tags": [
        "Python",
        "Programming",
        "Development"
      ],
      "status": true
    },
    {
      "id": "post125",
      "title": "Web Design Principles",
      "author": "Emily Brown",
      "content": "Learn about the fundamental principles of web design...",
      "timestamp": "2023-10-28T14:30:00Z",
      "tags": [
        "Web Design",
        "UI/UX",
        "Web Development"
      ],
      "status": true
    },
    {
      "id": "post126",
      "title": "Artificial Intelligence in Healthcare",
      "author": "David Wilson",
      "content": "Explore the impact of AI on the healthcare industry...",
      "timestamp": "2023-10-27T10:15:00Z",
      "tags": [
        "Artificial Intelligence",
        "Healthcare",
        "Technology"
      ],
      "status": true
    },
    {
      "id": "post127",
      "title": "Front-End vs. Back-End Development",
      "author": "Sarah Davis",
      "content": "Differences and similarities between front-end and back-end development...",
      "timestamp": "2023-10-26T17:45:00Z",
      "tags": [
        "Web Development",
        "Programming",
        "Front-End",
        "Back-End"
      ],
      "status": true
    },
    {
      "id": "post128",
      "title": "The Future of Space Exploration",
      "author": "Michael Roberts",
      "content": "What lies ahead in the world of space exploration...",
      "timestamp": "2023-10-25T11:20:00Z",
      "tags": [
        "Space Exploration",
        "Science",
        "Technology"
      ],
      "status": true
    },
    {
      "id": "post129",
      "title": "Cybersecurity Best Practices",
      "author": "Linda White",
      "content": "Protect your digital life with these cybersecurity tips...",
      "timestamp": "2023-10-24T09:30:00Z",
      "tags": [
        "Cybersecurity",
        "Technology",
        "Security"
      ],
      "status": false
    },
    {
      "id": "post130",
      "title": "The Art of Photography",
      "author": "Mark Anderson",
      "content": "Master the basics of photography and capture stunning images...",
      "timestamp": "2023-10-23T13:10:00Z",
      "tags": [
        "Photography",
        "Art",
        "Creativity"
      ],
      "status": true
    },
    {
      "id": "post131",
      "title": "A Beginner's Guide to Machine Learning",
      "author": "Sophia Lee",
      "content": "Start your journey into the world of machine learning...",
      "timestamp": "2023-10-22T16:55:00Z",
      "tags": [
        "Machine Learning",
        "Artificial Intelligence",
        "Data Science"
      ],
      "status": true
    },
    {
      "id": "post132",
      "title": "The Impact of Climate Change",
      "author": "Robert Johnson",
      "content": "Understanding the global consequences of climate change...",
      "timestamp": "2023-10-21T20:00:00Z",
      "tags": [
        "Climate Change",
        "Environment",
        "Science"
      ],
      "status": true
    },
    {
      "title": "Reactr",
      "author": "ThangTVB",
      "content": "fewfewfwefef",
      "tags": [
        "JS",
        " Java"
      ],
      "status": true,
      "timestamp": "2023-11-01T04:01:41.754Z",
      "id": "Aev42mk"
    }
  ]
}